Designator,Footprint,Quantity,Value,LCSC Part #
"C10, C9",C_0603_1608Metric,2,1u,C15849
"C11, C6",C_0603_1608Metric,2,100n,C19666
C12,C_0603_1608Metric,1, 10u (X7R),C19666
C13,C_0603_1608Metric,1, 10n (X7R),C19666
C5,C_0603_1608Metric,1,10n,C19666
C7,C_0603_1608Metric,1,3.3u/16V,C19666
C8,C_0603_1608Metric,1, 100n (X7R),C19666
JP1,SolderJumper-3_P1.3mm_Open_RoundedPad1.0x1.5mm_NumberLabels,1,SolderJumper_3_Open,
R13,R_0603_1608Metric,1,2M,
U6,PMW3610,1,PMW3610,
U7,SOT-23,1,MCP1700-1802E-TT,
